{
	"partitions" : [
		{
			"name" : "Top",
			"pins" : [
				{
					"name" : "informacao[0]",
					"strict" : false
				},
				{
					"name" : "informacao[1]",
					"strict" : false
				},
				{
					"name" : "informacao[2]",
					"strict" : false
				},
				{
					"name" : "informacao[3]",
					"strict" : false
				},
				{
					"name" : "informacao[4]",
					"strict" : false
				},
				{
					"name" : "informacao[5]",
					"strict" : false
				},
				{
					"name" : "informacao[6]",
					"strict" : false
				},
				{
					"name" : "informacao[7]",
					"strict" : false
				},
				{
					"name" : "informacao[8]",
					"strict" : false
				},
				{
					"name" : "informacao[9]",
					"strict" : false
				},
				{
					"name" : "informacao[10]",
					"strict" : false
				},
				{
					"name" : "informacao[11]",
					"strict" : false
				},
				{
					"name" : "informacao[12]",
					"strict" : false
				},
				{
					"name" : "informacao[13]",
					"strict" : false
				},
				{
					"name" : "informacao[14]",
					"strict" : false
				},
				{
					"name" : "informacao[15]",
					"strict" : false
				},
				{
					"name" : "informacao[16]",
					"strict" : false
				},
				{
					"name" : "informacao[17]",
					"strict" : false
				},
				{
					"name" : "informacao[18]",
					"strict" : false
				},
				{
					"name" : "informacao[19]",
					"strict" : false
				},
				{
					"name" : "informacao[20]",
					"strict" : false
				},
				{
					"name" : "informacao[21]",
					"strict" : false
				},
				{
					"name" : "informacao[22]",
					"strict" : false
				},
				{
					"name" : "informacao[23]",
					"strict" : false
				},
				{
					"name" : "informacao[24]",
					"strict" : false
				},
				{
					"name" : "informacao[25]",
					"strict" : false
				},
				{
					"name" : "informacao[26]",
					"strict" : false
				},
				{
					"name" : "informacao[27]",
					"strict" : false
				},
				{
					"name" : "informacao[28]",
					"strict" : false
				},
				{
					"name" : "informacao[29]",
					"strict" : false
				},
				{
					"name" : "informacao[30]",
					"strict" : false
				},
				{
					"name" : "informacao[31]",
					"strict" : false
				},
				{
					"name" : "informacao[32]",
					"strict" : false
				},
				{
					"name" : "clock",
					"strict" : false
				},
				{
					"name" : "pulso",
					"strict" : false
				}
			]
		}
	]
}