{
	"partitions" : [
		{
			"name" : "Top",
			"pins" : [
				{
					"name" : "teste",
					"strict" : false
				},
				{
					"name" : "q[3]",
					"strict" : false
				},
				{
					"name" : "q[2]",
					"strict" : false
				},
				{
					"name" : "q[1]",
					"strict" : false
				},
				{
					"name" : "q[0]",
					"strict" : false
				},
				{
					"name" : "clock",
					"strict" : false
				},
				{
					"name" : "enable",
					"strict" : false
				}
			]
		}
	]
}