{
	"partitions" : [
		{
			"name" : "Top",
			"pins" : [
				{
					"name" : "pin_name1",
					"strict" : false
				},
				{
					"name" : "pin_name2",
					"strict" : false
				},
				{
					"name" : "pin_name3",
					"strict" : false
				},
				{
					"name" : "pin_name4",
					"strict" : false
				},
				{
					"name" : "pin_name5",
					"strict" : false
				},
				{
					"name" : "pin_name6",
					"strict" : false
				},
				{
					"name" : "pin_name7",
					"strict" : false
				},
				{
					"name" : "pin_name8",
					"strict" : false
				},
				{
					"name" : "pin_name9",
					"strict" : false
				},
				{
					"name" : "pin_name10",
					"strict" : false
				},
				{
					"name" : "pin_name11",
					"strict" : false
				},
				{
					"name" : "pin_name12",
					"strict" : false
				},
				{
					"name" : "pin_name14",
					"strict" : false
				},
				{
					"name" : "pin_name15",
					"strict" : false
				},
				{
					"name" : "pin_name16",
					"strict" : false
				},
				{
					"name" : "pin_name17",
					"strict" : false
				},
				{
					"name" : "pin_name18",
					"strict" : false
				},
				{
					"name" : "pin_name19",
					"strict" : false
				},
				{
					"name" : "pin_name20",
					"strict" : false
				},
				{
					"name" : "pin_name21",
					"strict" : false
				},
				{
					"name" : "pin_name22",
					"strict" : false
				},
				{
					"name" : "pin_name23",
					"strict" : false
				},
				{
					"name" : "pin_name24",
					"strict" : false
				},
				{
					"name" : "pin_name25",
					"strict" : false
				},
				{
					"name" : "pin_name26",
					"strict" : false
				},
				{
					"name" : "pin_name27",
					"strict" : false
				},
				{
					"name" : "pin_name28",
					"strict" : false
				},
				{
					"name" : "pin_name29",
					"strict" : false
				},
				{
					"name" : "led",
					"strict" : false
				},
				{
					"name" : "s3",
					"strict" : false
				},
				{
					"name" : "s2",
					"strict" : false
				},
				{
					"name" : "s1",
					"strict" : false
				},
				{
					"name" : "s0",
					"strict" : false
				},
				{
					"name" : "enable",
					"strict" : false
				},
				{
					"name" : "clock",
					"strict" : false
				}
			]
		}
	]
}