{
	"partitions" : [
		{
			"name" : "Top",
			"pins" : [
				{
					"name" : "chegou",
					"strict" : false
				},
				{
					"name" : "lose",
					"strict" : false
				},
				{
					"name" : "win",
					"strict" : false
				},
				{
					"name" : "rs",
					"strict" : false
				},
				{
					"name" : "e",
					"strict" : false
				},
				{
					"name" : "pin_name1",
					"strict" : false
				},
				{
					"name" : "habil",
					"strict" : false
				},
				{
					"name" : "iniciar",
					"strict" : false
				},
				{
					"name" : "digitar",
					"strict" : false
				},
				{
					"name" : "cheg3",
					"strict" : false
				},
				{
					"name" : "cheg4",
					"strict" : false
				},
				{
					"name" : "pin_name2",
					"strict" : false
				},
				{
					"name" : "tempo",
					"strict" : false
				},
				{
					"name" : "cheg1",
					"strict" : false
				},
				{
					"name" : "cheg5",
					"strict" : false
				},
				{
					"name" : "cheg2",
					"strict" : false
				},
				{
					"name" : "lcd_data[7]",
					"strict" : false
				},
				{
					"name" : "lcd_data[6]",
					"strict" : false
				},
				{
					"name" : "lcd_data[5]",
					"strict" : false
				},
				{
					"name" : "lcd_data[4]",
					"strict" : false
				},
				{
					"name" : "lcd_data[3]",
					"strict" : false
				},
				{
					"name" : "lcd_data[2]",
					"strict" : false
				},
				{
					"name" : "lcd_data[1]",
					"strict" : false
				},
				{
					"name" : "lcd_data[0]",
					"strict" : false
				},
				{
					"name" : "reset",
					"strict" : false
				},
				{
					"name" : "enable",
					"strict" : false
				},
				{
					"name" : "clock",
					"strict" : false
				},
				{
					"name" : "ILRDA",
					"strict" : false
				}
			]
		}
	]
}