{
	"partitions" : [
		{
			"name" : "Top",
			"pins" : [
				{
					"name" : "rs",
					"strict" : false
				},
				{
					"name" : "e",
					"strict" : false
				},
				{
					"name" : "chegou2",
					"strict" : false
				},
				{
					"name" : "chegou3",
					"strict" : false
				},
				{
					"name" : "chegou4",
					"strict" : false
				},
				{
					"name" : "chegou5",
					"strict" : false
				},
				{
					"name" : "chegou",
					"strict" : false
				},
				{
					"name" : "ganhou",
					"strict" : false
				},
				{
					"name" : "pin_name1",
					"strict" : false
				},
				{
					"name" : "habil",
					"strict" : false
				},
				{
					"name" : "iniciar",
					"strict" : false
				},
				{
					"name" : "digitar",
					"strict" : false
				},
				{
					"name" : "lcd_data[7]",
					"strict" : false
				},
				{
					"name" : "lcd_data[5]",
					"strict" : false
				},
				{
					"name" : "lcd_data[4]",
					"strict" : false
				},
				{
					"name" : "lcd_data[3]",
					"strict" : false
				},
				{
					"name" : "lcd_data[2]",
					"strict" : false
				},
				{
					"name" : "lcd_data[1]",
					"strict" : false
				},
				{
					"name" : "lcd_data[0]",
					"strict" : false
				},
				{
					"name" : "clock",
					"strict" : false
				},
				{
					"name" : "enable",
					"strict" : false
				},
				{
					"name" : "ILRDA",
					"strict" : false
				}
			]
		}
	]
}